,ITO,SiN,SiO2,Acrylic,OC
A,-35.01953703,2.055930828,1.199954779,2.842878695739507,3.0972092322177076
B1,-48.17697793,1.654266375,0.6574333689999999,-1.1945111120729988,-0.9049399124649081
C1,-29.2472613,0.025372425,0.010144186,2.076932825616165,-0.08348662326837905
B2,29.4962653,-0.000180404,0.244923083,1.1290267330634949,1.048607755734632
C2,0.017534155,1.257385554,0.009445498,2.029380861716028,4.796716329828664
B3,8.863457477999999,0.256176404,0.006109821999999999,-0.6565194511223121,4.675096164054011
C3,-0.06865321099999999,0.009453771,1.40517501,-0.04938570841852508,-12.901483029338523
